<?xml version="1.0" encoding="UTF-8" standalone="yes"?><dpinst><search><subDirectory>*</subDirectory></search><language code="0x0409"><dpinstTitle>Broadcom Wireless LAN Driver</dpinstTitle><welcomeTitle>Welcome to the device-driver installation wizard.</welcomeTitle><welcomeIntro>This wizard guides you through the process of installing the device-driver software that is needed to fully enable the functions of your hardware device.</welcomeIntro><installHeaderTitle>Installing the Software for your Hardware Device...</installHeaderTitle><watermarkPath>DPInstWaterMark\DpinstWaterMark.bmp</watermarkPath><finishTitle>Completing the Device Driver Installation Wizard</finishTitle><finishText>Congratulations! You are finished installing your device drivers.</finishText></language><language code="0x0401"><dpinstTitle>Broadcom Wireless LAN Driver</dpinstTitle><welcomeTitle>مرحبًا بك في معالج تثبيت برنامج تشغيل الجهاز.</welcomeTitle><welcomeIntro>سيرشدك هذا المعالج عبر عملية تثبيت برنامج تشغيل الجهاز المطلوب لتمكين وظائف أجهزتك بشكل كامل.</welcomeIntro><installHeaderTitle>جارٍ تثبيت البرامج الخاصة بأجهزتك...</installHeaderTitle><watermarkPath>DPInstWaterMark\DpinstWaterMark_right.bmp</watermarkPath><finishTitle>اكتمال معالج تثبيت برنامج تشغيل الجهاز</finishTitle><finishText>تهانينا! لقد انتهيت من عملية تثبيت برامج تشغيل الأجهزة.</finishText></language><language code="0x0416"><dpinstTitle>Broadcom Wireless LAN Driver</dpinstTitle><welcomeTitle>Bem-vindo ao assistente de instalação de driver de dispositivo.</welcomeTitle><welcomeIntro>Este assistente orienta você por todo o processo de instalação do software de driver de dispositivo necessário para habilitar totalmente as funções do dispositivo de hardware.</welcomeIntro><installHeaderTitle>Instalando o software para o dispositivo de hardware...</installHeaderTitle><watermarkPath>DPInstWaterMark\DpinstWaterMark.bmp</watermarkPath><finishTitle>Concluindo o assistente de instalação do driver de dispositivo</finishTitle><finishText>Parabéns! Você concluiu a instalação dos drivers de dispositivo.</finishText></language><language code="0x0402"><dpinstTitle>Broadcom Wireless LAN Driver</dpinstTitle><welcomeTitle>Добре дошли в съветите за инсталиране на драйвери на устройства.</welcomeTitle><welcomeIntro>Настоящите съвети ще осигурят напътствия в процеса на инсталиране на софтуерния драйвер на устройството, необходим за пълното активиране на хардуера му.</welcomeIntro><installHeaderTitle>Инсталиране на софтуер за хардуерно устройство...</installHeaderTitle><watermarkPath>DPInstWaterMark\DpinstWaterMark.bmp</watermarkPath><finishTitle>Край на съветите за инсталиране на драйвери на устройства</finishTitle><finishText>Поздравления! Инсталирането на драйвери на устройства завърши.</finishText></language><language code="0x041a"><dpinstTitle>Broadcom Wireless LAN Driver</dpinstTitle><welcomeTitle>Dobrodošli u čarobnjak za instaliranje upravljačkog programa uređaja.</welcomeTitle><welcomeIntro>Ovaj vam čarobnjak pomaže pri postupku instaliranja softvera upravljačkog programa uređaja koji je potreban kako bi se u potpunosti omogućile funkcije vašeg hardverskog uređaja.</welcomeIntro><installHeaderTitle>Instalacija softvera za vaš hardverski uređaj...</installHeaderTitle><watermarkPath>DPInstWaterMark\DpinstWaterMark.bmp</watermarkPath><finishTitle>Dovršavanje čarobnjaka za instaliranje upravljačkog programa uređaja</finishTitle><finishText>Čestitamo! Završili ste instaliranje upravljačkih programa uređaja.</finishText></language><language code="0x0405"><dpinstTitle>Broadcom Wireless LAN Driver</dpinstTitle><welcomeTitle>Vítejte v průvodci instalací ovladače zařízení.</welcomeTitle><welcomeIntro>Tento průvodce vás provede procesem instalace softwarového ovladače, který je vyžadován pro využití všech funkcí vašeho hardwarového zařízení.</welcomeIntro><installHeaderTitle>Instalace softwaru pro vaše hardwarové zařízení...</installHeaderTitle><watermarkPath>DPInstWaterMark\DpinstWaterMark.bmp</watermarkPath><finishTitle>Dokončení průvodce instalací ovladače zařízení.</finishTitle><finishText>Gratulujeme! Instalace ovladačů pro vaše zařízení byla úspěšně dokončena.</finishText></language><language code="0x0406"><dpinstTitle>Broadcom Wireless LAN Driver</dpinstTitle><welcomeTitle>Velkommen til installationsguiden til enhedsdrivere.</welcomeTitle><welcomeIntro>Denne guider fører dig gennem installationsprocessen for den enhedsdriversoftware, du skal bruge for at få det fulde udbytte af din hardwareenheds funktioner.</welcomeIntro><installHeaderTitle>Softwaren til din hardwareenhed bliver installeret...</installHeaderTitle><watermarkPath>DPInstWaterMark\DpinstWaterMark.bmp</watermarkPath><finishTitle>Fuldførelse af installationsguiden til enhedsdrivere</finishTitle><finishText>Tillykke. Du har fuldført installationen af dine enhedsdrivere.</finishText></language><language code="0x040b"><dpinstTitle>Broadcom Wireless LAN Driver</dpinstTitle><welcomeTitle>Tervetuloa ohjattuun laiteajurin asennustoimintoon.</welcomeTitle><welcomeIntro>Tämä ohjattu toiminto opastaa asentamaan laiteajuriohjelmiston, jota tarvitaan, jotta laitteen toiminnot voidaan ottaa kokonaan käyttöön.</welcomeIntro><installHeaderTitle>Asennetaan laitteen ohjelmistoa...</installHeaderTitle><watermarkPath>DPInstWaterMark\DpinstWaterMark.bmp</watermarkPath><finishTitle>Viimeistellään laiteajurin ohjattua asennustoimintoa</finishTitle><finishText>Onnittelut! Laiteajurit on asennettu.</finishText></language><language code="0x040c"><dpinstTitle>Broadcom Wireless LAN Driver</dpinstTitle><welcomeTitle>Bienvenue dans l'assistant d'installation du pilote de périphérique.</welcomeTitle><welcomeIntro>Cet assistant vous guidera tout au long du processus d'installation du logiciel du pilote de périphérique, nécessaire pour activer l'intégralité des fonctions de votre périphérique matériel.</welcomeIntro><installHeaderTitle>Installation du logiciel de votre périphérique matériel en cours…</installHeaderTitle><watermarkPath>DPInstWaterMark\DpinstWaterMark.bmp</watermarkPath><finishTitle>Terminer la procédure d'installation du pilote de périphérique de l'assistant</finishTitle><finishText>Félicitations ! Vous avez terminé d'installer vos pilotes de périphérique.</finishText></language><language code="0x0408"><dpinstTitle>Broadcom Wireless LAN Driver</dpinstTitle><welcomeTitle>Καλώς ορίσατε στον οδηγό εγκατάστασης προγραμμάτων οδήγησης συσκευών.</welcomeTitle><welcomeIntro>Αυτός ο οδηγός θα σας καθοδηγήσει στη διαδικασία εγκατάστασης του λογισμικού προγραμμάτων οδήγησης συσκευών που είναι απαραίτητο, ώστε να ενεργοποιηθούν πλήρως οι λειτουργίες της συσκευής υλικού σας.</welcomeIntro><installHeaderTitle>Εγκατάσταση του λογισμικού για τη συσκευή υλικού σας...</installHeaderTitle><watermarkPath>DPInstWaterMark\DpinstWaterMark.bmp</watermarkPath><finishTitle>Ολοκλήρωση του οδηγού εγκατάστασης προγραμμάτων οδήγησης συσκευών</finishTitle><finishText>Συγχαρητήρια! Η εγκατάσταση των προγραμμάτων οδήγησης συσκευών ολοκληρώθηκε.</finishText></language><language code="0x0407"><dpinstTitle>Broadcom Wireless LAN Driver</dpinstTitle><welcomeTitle>Willkommen beim Installationsassistenten des Einheitentreibers.</welcomeTitle><welcomeIntro>Dieser Assistent führt Sie durch die Installation der Einheitentreibersoftware, die erforderlich ist, um die Funktionen Ihrer Hardwareeinheit vollständig zu aktivieren.</welcomeIntro><installHeaderTitle>Die Software für die Hardwareeinheit wird installiert ...</installHeaderTitle><watermarkPath>DPInstWaterMark\DpinstWaterMark.bmp</watermarkPath><finishTitle>Der Installationsassistent für den Einheitentreiber wird beendet.</finishTitle><finishText>Herzlichen Glückwunsch! Sie haben die Einheitentreiber installiert.</finishText></language><language code="0x040d"><dpinstTitle>Broadcom Wireless LAN Driver</dpinstTitle><welcomeTitle>ברוכים הבאים לאשף ההתקנה של מנהל ההתקן.</welcomeTitle><welcomeIntro>האשף ינחה אתכם בתהליך התקנת תוכנת מנהל ההתקן הנדרשת כדי להפעיל באופן מלא את הפונקציות של התקן החומרה שלכם.</welcomeIntro><installHeaderTitle>התקנת התוכנה עבור התקן החומרה שלכם...</installHeaderTitle><watermarkPath>DPInstWaterMark\DpinstWaterMark_right.bmp</watermarkPath><finishTitle>השלמת אשף ההתקנה של מנהל ההתקן</finishTitle><finishText>ברכותינו! סיימתם להתקין את מנהלי ההתקנים שלכם.</finishText></language><language code="0x040e"><dpinstTitle>Broadcom Wireless LAN Driver</dpinstTitle><welcomeTitle>Üdvözli az eszközillesztő-telepítő varázsló!</welcomeTitle><welcomeIntro>A varázsló végigvezeti a hardvere teljes körű működéséhez szükséges eszközillesztő szoftver telepítésének folyamatán.</welcomeIntro><installHeaderTitle>A hardverhez szükséges szoftver telepítése...</installHeaderTitle><watermarkPath>DPInstWaterMark\DpinstWaterMark.bmp</watermarkPath><finishTitle>Az eszközillesztő-telepítő varázsló befejezése</finishTitle><finishText>Gratulálunk! Az eszközillesztők telepítése kész.</finishText></language><language code="0x0421"><dpinstTitle>Broadcom Wireless LAN Driver</dpinstTitle><welcomeTitle>Selamat datang di wizard penginstalan driver perangkat.</welcomeTitle><welcomeIntro>Wizard ini akan memandu Anda selama proses penginstalan perangkat lunak driver perangkat lunak yang diperlukan untuk mengaktifkan sepenuhnya fungsi perangkat keras Anda.</welcomeIntro><installHeaderTitle>Menginstal Perangkat Lunak untuk Perangkat Keras Anda...</installHeaderTitle><watermarkPath>DPInstWaterMark\DpinstWaterMark.bmp</watermarkPath><finishTitle>Menyelesaikan Wizard Penginstalan Driver Perangkat</finishTitle><finishText>Selamat! Anda telah selesai menginstal driver perangkat.</finishText></language><language code="0x0410"><dpinstTitle>Broadcom Wireless LAN Driver</dpinstTitle><welcomeTitle>Introduzione all'installazione guidata driver dispositivo.</welcomeTitle><welcomeIntro>Questa procedura guiderà l'utente attraverso il processo di installazione del software per i driver di dispositivo. Tale software è necessario per abilitare completamente le funzioni del dispositivo hardware in uso.</welcomeIntro><installHeaderTitle>Installazione del software per il dispositivo hardware in uso...</installHeaderTitle><watermarkPath>DPInstWaterMark\DpinstWaterMark.bmp</watermarkPath><finishTitle>Completamento dell'installazione guidata driver dispositivo</finishTitle><finishText>Congratulazioni. L'installazione dei driver di dispositivo è terminata.</finishText></language><language code="0x0411"><dpinstTitle>Broadcom Wireless LAN Driver</dpinstTitle><welcomeTitle>デバイス・ドライバーのインストール・ウィザードへようこそ。</welcomeTitle><welcomeIntro>このウィザードでは、デバイス・ドライバー・ソフトウェアをインストールするプロセスを説明します。デバイス・ドライバー・ソフトウェアは、お使いのハードウェア・デバイスの機能を完全に有効にするために必要となります。</welcomeIntro><installHeaderTitle>ハードウェア・デバイス用ソフトウェアのインストールする...</installHeaderTitle><watermarkPath>DPInstWaterMark\DpinstWaterMark.bmp</watermarkPath><finishTitle>デバイス・ドライバーのインストール・ウィザードの完了</finishTitle><finishText>おめでとうございます。デバイス・ドライバーのインストールが完了しました。</finishText></language><language code="0x0412"><dpinstTitle>Broadcom Wireless LAN Driver</dpinstTitle><welcomeTitle>장치 드라이버 설치 마법사를 시작합니다.</welcomeTitle><welcomeIntro>이 마법사는 하드웨어 장치의 기능을 완전히 활성화하는 데 필요한 장치 드라이버 소프트웨어를 설치하는 과정을 안내합니다.</welcomeIntro><installHeaderTitle>하드웨어 장치에 대한 소프트웨어 설치 중...</installHeaderTitle><watermarkPath>DPInstWaterMark\DpinstWaterMark.bmp</watermarkPath><finishTitle>장치 드라이버 설치 마법사 완료</finishTitle><finishText>축하합니다! 장치 드라이버 설치를 완료합니다.</finishText></language><language code="0x0427"><dpinstTitle>Broadcom Wireless LAN Driver</dpinstTitle><welcomeTitle>Sveiki, tai įrenginio tvarkyklės įdiegimo vedlys.</welcomeTitle><welcomeIntro>Vykdydami vedlio pateikiamus nurodymus, įdiegsite įrenginio tvarkyklės programinę įrangą, kuri reikalinga, kad būtų galima įjungti visas aparatinės įrangos funkcijas.</welcomeIntro><installHeaderTitle>Įdiegiama aparatinės įrangos programinė įranga...</installHeaderTitle><watermarkPath>DPInstWaterMark\DpinstWaterMark.bmp</watermarkPath><finishTitle>Įrenginio tvarkyklės įdiegimo vedlio nurodytų veiksmų užbaigimas</finishTitle><finishText>Sveikiname! Įdiegėte įrenginio tvarkykles.</finishText></language><language code="0x0426"><dpinstTitle>Broadcom Wireless LAN Driver</dpinstTitle><welcomeTitle>Esiet sveicināts ierīces draivera instalēšanas vednī!</welcomeTitle><welcomeIntro>Šis vednis palīdz instalēt ierīces draivera programmatūru, kas ir nepieciešama, lai varētu pilnībā izmantot jūsu aparatūras ierīces funkcijas.</welcomeIntro><installHeaderTitle>Tiek instalēta aparatūras ierīces programmatūra...</installHeaderTitle><watermarkPath>DPInstWaterMark\DpinstWaterMark.bmp</watermarkPath><finishTitle>Ierīces draivera instalēšanas vednis pabeidz darbību</finishTitle><finishText>Apsveicam! Jūs pabeidzāt ierīces draiveru instalēšanu.</finishText></language><language code="0x0413"><dpinstTitle>Broadcom Wireless LAN Driver</dpinstTitle><welcomeTitle>Welkom bij de wizard voor installatie van het stuurprogramma.</welcomeTitle><welcomeIntro>Deze wizard helpt u bij het installeren van het stuurprogramma dat nodig is om de functies van uw apparaat volledig in te schakelen.</welcomeIntro><installHeaderTitle>De software voor uw apparaat installeren...</installHeaderTitle><watermarkPath>DPInstWaterMark\DpinstWaterMark.bmp</watermarkPath><finishTitle>De wizard voor installatie van het stuurprogramma wordt voltooid</finishTitle><finishText>Gefeliciteerd! De installatie van de stuurprogramma's is voltooid.</finishText></language><language code="0x0414"><dpinstTitle>Broadcom Wireless LAN Driver</dpinstTitle><welcomeTitle>Velkommen til installeringsveiviseren for enhetsdriver.</welcomeTitle><welcomeIntro>Veiviseren fører deg gjennom prosessen med å installere enhetsdriverprogramvaren som er nødvendig for å helt ut aktivere funksjonene til maskinvareenheten din.</welcomeIntro><installHeaderTitle>Slik installerer du programvaren for maskinvareenheten ...</installHeaderTitle><watermarkPath>DPInstWaterMark\DpinstWaterMark.bmp</watermarkPath><finishTitle>Fullføre installeringsveiviseren for enhetsdriver</finishTitle><finishText>Gratulerer! Du har fullført installasjonen av enhetsdrivere.</finishText></language><language code="0x0415"><dpinstTitle>Broadcom Wireless LAN Driver</dpinstTitle><welcomeTitle>Witamy w kreatorze instalacji sterownika urządzenia.</welcomeTitle><welcomeIntro>Kreator przeprowadzi Cię przez proces instalowania oprogramowania sterownika, które jest niezbędne do działania wszystkich funkcji w urządzeniu.</welcomeIntro><installHeaderTitle>Trwa instalowanie sterownika Twojego urządzenia...</installHeaderTitle><watermarkPath>DPInstWaterMark\DpinstWaterMark.bmp</watermarkPath><finishTitle>Kończenie pracy kreatora instalacji sterownika urządzenia</finishTitle><finishText>Gratulacje! Sterowniki urządzenia zostały pomyślnie zainstalowane.</finishText></language><language code="0x0816"><dpinstTitle>Broadcom Wireless LAN Driver</dpinstTitle><welcomeTitle>Bem-vindo/a ao novo assistente de instalação de controladores do dispositivo.</welcomeTitle><welcomeIntro>Este assistente acompanha o utilizador através do processo de instalação do software de controladores do dispositivo que é necessário para ativar completamente as funções do dispositivo de hardware.</welcomeIntro><installHeaderTitle>A instalar o software para o dispositivo de hardware...</installHeaderTitle><watermarkPath>DPInstWaterMark\DpinstWaterMark.bmp</watermarkPath><finishTitle>A concluir o assistente de instalação de controladores do dispositivo</finishTitle><finishText>Parabéns! Concluiu a instalação dos controladores do dispositivo.</finishText></language><language code="0x0418"><dpinstTitle>Broadcom Wireless LAN Driver</dpinstTitle><welcomeTitle>Bine aţi venit la expertul de instalare a driverelor pentru dispozitiv.</welcomeTitle><welcomeIntro>Acest expert vă ghidează prin procesul de instalare a driverelor pentru dispozitiv, necesare pentru activarea completă a funcţiilor dispozitivului hardware.</welcomeIntro><installHeaderTitle>Instalarea software-ului pentru dispozitivul dumneavoastră hardware...</installHeaderTitle><watermarkPath>DPInstWaterMark\DpinstWaterMark.bmp</watermarkPath><finishTitle>Finalizarea expertului de instalare a driverelor pentru dispozitiv</finishTitle><finishText>Felicitări! Aţi terminat de instalat driverele pentru dispozitivul dumneavoastră.</finishText></language><language code="0x0419"><dpinstTitle>Broadcom Wireless LAN Driver</dpinstTitle><welcomeTitle>Вас приветствует мастер установки драйвера устройства.</welcomeTitle><welcomeIntro>Этот мастер поможет вам установить программное обеспечение драйвера устройства, необходимое для нормальной работы оборудования.</welcomeIntro><installHeaderTitle>Установка программного обеспечения для оборудования...</installHeaderTitle><watermarkPath>DPInstWaterMark\DpinstWaterMark.bmp</watermarkPath><finishTitle>Завершение работы мастера установки драйвера устройства</finishTitle><finishText>Поздравляем! Установка драйверов устройства успешно завершена.</finishText></language><language code="0x0804"><dpinstTitle>Broadcom Wireless LAN Driver</dpinstTitle><welcomeTitle>欢迎使用设备驱动程序安装向导。</welcomeTitle><welcomeIntro>该向导将指导您完成安装设备驱动程序软件的过程，该软件用来完全启动您硬件设备的功能。</welcomeIntro><installHeaderTitle>正在为您的硬件设备安装该软件...</installHeaderTitle><watermarkPath>dpinstWaterMark\DpinstWaterMark.bmp</watermarkPath><finishTitle>完成设备驱动程序安装向导</finishTitle><finishText>恭喜您！您已完成设备驱动程序的安装。</finishText></language><language code="0x081a"><dpinstTitle>Broadcom Wireless LAN Driver</dpinstTitle><welcomeTitle>Dobro došli u Čarobnjak za instalaciju upravljačkog programa uređaja.</welcomeTitle><welcomeIntro>Ovaj čarobnjak vas vodi kroz proces instalacije softvera upravljačkog programa koji je neophodan za potpuno omogućavanje funkcija hardverskog uređaja.</welcomeIntro><installHeaderTitle>Instalira se softver za vaš hardverski uređaj...</installHeaderTitle><watermarkPath>DPInstWaterMark\DpinstWaterMark.bmp</watermarkPath><finishTitle>Dovršavanje rada sa Čarobnjakom za instalaciju upravljačkog programa uređaja</finishTitle><finishText>Čestitamo! Završili ste instaliranje upravljačkih programa uređaja.</finishText></language><language code="0x041b"><dpinstTitle>Broadcom Wireless LAN Driver</dpinstTitle><welcomeTitle>Víta vás sprievodca inštaláciou ovládača zariadenia.</welcomeTitle><welcomeIntro>Sprievodca vás prevedie inštaláciou softvéru ovládača zariadenia, ktorý je potrebný na plnohodnotné používanie všetkých funkcií hardvérového zariadenia.</welcomeIntro><installHeaderTitle>Inštalácia softvéru hardvérového zariadenia...</installHeaderTitle><watermarkPath>DPInstWaterMark\DpinstWaterMark.bmp</watermarkPath><finishTitle>Dokončenie sprievodcu inštaláciou ovládača zariadenia</finishTitle><finishText>Blahoželáme! Inštalácia ovládačov zariadenia sa dokončila.</finishText></language><language code="0x0424"><dpinstTitle>Broadcom Wireless LAN Driver</dpinstTitle><welcomeTitle>Pozdravljeni v čarovniku za namestitev gonilnikov naprav.</welcomeTitle><welcomeIntro>Ta čarovnik vas bo vodil skozi postopek namestitve programske opreme gonilnikov naprav, potrebne za to, da bodo v celoti omogočene funkcije strojne opreme.</welcomeIntro><installHeaderTitle>Nameščanje programske opreme za strojno opremo ...</installHeaderTitle><watermarkPath>DPInstWaterMark\DpinstWaterMark.bmp</watermarkPath><finishTitle>Dokončevanje čarovnika za namestitev gonilnikov naprav.</finishTitle><finishText>Čestitamo! Končali ste nameščanje gonilnikov naprav.</finishText></language><language code="0x0c0a"><dpinstTitle>Broadcom Wireless LAN Driver</dpinstTitle><welcomeTitle>Bienvenido al asistente de instalación del controlador del dispositivo.</welcomeTitle><welcomeIntro>Este controlador lo orientará durante el proceso de instalación del software del controlador del dispositivo necesario para habilitar todas las funciones de su dispositivo de hardware.</welcomeIntro><installHeaderTitle>Instalación del software de su hardware...</installHeaderTitle><watermarkPath>DPInstWaterMark\DpinstWaterMark.bmp</watermarkPath><finishTitle>Completando el asistente de instalación del controlador del dispositivo</finishTitle><finishText>Felicidades. Se finalizó la instalación de los controladores de dispositivo.</finishText></language><language code="0x041d"><dpinstTitle>Broadcom Wireless LAN Driver</dpinstTitle><welcomeTitle>Välkommen till installationsguiden för drivrutiner.</welcomeTitle><welcomeIntro>Den guidar dig genom installationen av den drivrutinsprogramvara som behövs för att aktivera alla funktioner i maskinvaruenheten.</welcomeIntro><installHeaderTitle>Installera programvaran för maskinvaruenheten</installHeaderTitle><watermarkPath>DPInstWaterMark\DpinstWaterMark.bmp</watermarkPath><finishTitle>Slutföra installationsguiden för drivrutinen</finishTitle><finishText>Du har tur! Drivrutinerna har installerats.</finishText></language><language code="0x0404"><dpinstTitle>Broadcom Wireless LAN Driver</dpinstTitle><welcomeTitle>歡迎使用裝置驅動程式安裝精靈。</welcomeTitle><welcomeIntro>這個精靈會引導您完成安裝裝置驅動程式軟體的程序，必須有裝置驅動程式軟體才能夠完全啟用硬體裝置的功能。</welcomeIntro><installHeaderTitle>正在為您的硬體裝置安裝軟體...</installHeaderTitle><watermarkPath>DPInstWaterMark\DpinstWaterMark.bmp</watermarkPath><finishTitle>完成裝置驅動程式安裝精靈</finishTitle><finishText>恭喜您！您已完成裝置驅動程式的安裝。</finishText></language><language code="0x0c04"><dpinstTitle>Broadcom Wireless LAN Driver</dpinstTitle><welcomeTitle>歡迎使用裝置驅動程式安裝精靈。</welcomeTitle><welcomeIntro>這個精靈會引導您完成安裝裝置驅動程式軟體的程序，必須有裝置驅動程式軟體才能夠完全啟用硬體裝置的功能。</welcomeIntro><installHeaderTitle>正在為您的硬體裝置安裝軟體...</installHeaderTitle><watermarkPath>DPInstWaterMark\DpinstWaterMark.bmp</watermarkPath><finishTitle>完成裝置驅動程式安裝精靈</finishTitle><finishText>恭喜您！您已完成裝置驅動程式的安裝。</finishText></language><language code="0x041e"><dpinstTitle>Broadcom Wireless LAN Driver</dpinstTitle><welcomeTitle>ยินดีต้อนรับสู่ตัวช่วยติดตั้งโปรแกรมควบคุมอุปกรณ์</welcomeTitle><welcomeIntro>ตัวช่วยนี้จะนำท่านไปตลอดกระบวนการติดตั้งซอฟต์แวร์โปรแกรมควบคุมอุปกรณ์ที่จำเป็นเพื่อเปิดใช้งานฟังก์ชันของอุปกรณ์ฮาร์ดแวร์</welcomeIntro><installHeaderTitle>กำลังติดตั้งซอฟต์แวร์สำหรับอุปกรณ์ฮาร์ดแวร์</installHeaderTitle><watermarkPath>DPInstWaterMark\DpinstWaterMark.bmp</watermarkPath><finishTitle>กำลังสิ้นสุดตัวช่วยติดตั้งโปรแกรมควบคุมอุปกรณ์</finishTitle><finishText>ยินดีด้วย คุณได้ติดตั้งโปรแกรมควบคุมอุปกรณ์ของคุณแล้ว</finishText></language><language code="0x041f"><dpinstTitle>Broadcom Wireless LAN Driver</dpinstTitle><welcomeTitle>Aygıt-sürücü yükleme sihirbazına hoş geldiniz.</welcomeTitle><welcomeIntro>Bu sihirbaz, donanım aygıtınızın tüm işlevlerini yerine getirmesi için gerekli olan aygıt-sürücü yazılımının yüklenmesinde size yol gösterir.</welcomeIntro><installHeaderTitle>Donanım Aygıtınız için Yazılım Yükleniyor...</installHeaderTitle><watermarkPath>DPInstWaterMark\DpinstWaterMark.bmp</watermarkPath><finishTitle>Aygıt Sürücüsü Yükleme Sihirbazı Tamamlanıyor</finishTitle><finishText>Tebrikler! Aygıt sürücülerinizin yüklenmesi tamamlandı.</finishText></language><language code="0x0422"><dpinstTitle>Broadcom Wireless LAN Driver</dpinstTitle><welcomeTitle>Вас вітає майстер установлення драйверів.</welcomeTitle><welcomeIntro>Майстер допоможе вам установити драйвери, необхідні, щоб активувати всі функції пристрою.</welcomeIntro><installHeaderTitle>Установлення програмного забезпечення на пристрій…</installHeaderTitle><watermarkPath>DPInstWaterMark\DpinstWaterMark.bmp</watermarkPath><finishTitle>Завершення роботи майстра встановлення драйверів</finishTitle><finishText>Вітаємо! Драйвери пристроїв установлено.</finishText></language><suppressAddRemovePrograms/><enableNotListedLanguages/></dpinst>